# Any line that starts with # will be commented out,,,,,,,,,,,,,,,,,,,,,,,
TG_NUM,cmd,txn_count/loop_count/wait_option,start_delay/loop_operation,loop_addr_incr_by,wdata_pattern,wdata_pat_value,data_integrity,dest_id,base_addr,high_addr,addr_incr_by,axi_addr_offset,axi_len,axi_size,axi_id,axi_burst,axi_lock,axi_cache,axi_prot,axi_qos,axi_region,axi_user,exp_resp
1,START_LOOP,1,use_original_addr,0x0,,,,,,,,,,,,,,,,,,,
1,WRITE,1,0,,constant,0x032,disabled,0x0,0x4040000000,0x407FFFFFFF,auto_incr,0x0000000,0x0,0x5,0x0,INCR,0x0,0x2,0x0,0x0,0x0,0x0,0x0
1,WRITE,1,0,,constant,0x032,disabled,0x0,0x4040000000,0x407FFFFFFF,auto_incr,0x0200000,0x0,0x5,0x0,INCR,0x0,0x2,0x0,0x0,0x0,0x0,0x0
1,WRITE,1,0,,constant,0x032,disabled,0x0,0x4040000000,0x407FFFFFFF,auto_incr,0x0400000,0x0,0x5,0x0,INCR,0x0,0x2,0x0,0x0,0x0,0x0,0x0
1,WRITE,1,0,,constant,0x032,disabled,0x0,0x4040000000,0x407FFFFFFF,auto_incr,0x0600000,0x0,0x5,0x0,INCR,0x0,0x2,0x0,0x0,0x0,0x0,0x0
1,WRITE,1,0,,constant,0x032,disabled,0x0,0x4040000000,0x407FFFFFFF,auto_incr,0x0800000,0x0,0x5,0x0,INCR,0x0,0x2,0x0,0x0,0x0,0x0,0x0
1,WRITE,1,0,,constant,0x032,disabled,0x0,0x4040000000,0x407FFFFFFF,auto_incr,0x0a00000,0x0,0x5,0x0,INCR,0x0,0x2,0x0,0x0,0x0,0x0,0x0
1,WRITE,1,0,,constant,0x032,disabled,0x0,0x4040000000,0x407FFFFFFF,auto_incr,0x0c00000,0x0,0x5,0x0,INCR,0x0,0x2,0x0,0x0,0x0,0x0,0x0
1,WRITE,1,0,,constant,0x032,disabled,0x0,0x4040000000,0x407FFFFFFF,auto_incr,0x0e00000,0x0,0x5,0x0,INCR,0x0,0x2,0x0,0x0,0x0,0x0,0x0
1,WRITE,1,0,,constant,0x032,disabled,0x0,0x4040000000,0x407FFFFFFF,auto_incr,0x1000000,0x0,0x5,0x0,INCR,0x0,0x2,0x0,0x0,0x0,0x0,0x0
1,WRITE,1,0,,constant,0x032,disabled,0x0,0x4040000000,0x407FFFFFFF,auto_incr,0x1200000,0x0,0x5,0x0,INCR,0x0,0x2,0x0,0x0,0x0,0x0,0x0
1,WRITE,1,0,,constant,0x032,disabled,0x0,0x4040000000,0x407FFFFFFF,auto_incr,0x1400000,0x0,0x5,0x0,INCR,0x0,0x2,0x0,0x0,0x0,0x0,0x0
1,WRITE,1,0,,constant,0x032,disabled,0x0,0x4040000000,0x407FFFFFFF,auto_incr,0x1600000,0x0,0x5,0x0,INCR,0x0,0x2,0x0,0x0,0x0,0x0,0x0
1,WRITE,1,0,,constant,0x032,disabled,0x0,0x4040000000,0x407FFFFFFF,auto_incr,0x1800000,0x0,0x5,0x0,INCR,0x0,0x2,0x0,0x0,0x0,0x0,0x0
1,WRITE,1,0,,constant,0x032,disabled,0x0,0x4040000000,0x407FFFFFFF,auto_incr,0x1a00000,0x0,0x5,0x0,INCR,0x0,0x2,0x0,0x0,0x0,0x0,0x0
1,WRITE,1,0,,constant,0x032,disabled,0x0,0x4040000000,0x407FFFFFFF,auto_incr,0x1c00000,0x0,0x5,0x0,INCR,0x0,0x2,0x0,0x0,0x0,0x0,0x0
1,WRITE,1,0,,constant,0x032,disabled,0x0,0x4040000000,0x407FFFFFFF,auto_incr,0x1e00000,0x0,0x5,0x0,INCR,0x0,0x2,0x0,0x0,0x0,0x0,0x0
1,WRITE,1,0,,constant,0x032,disabled,0x0,0x4040000000,0x407FFFFFFF,auto_incr,0x2000000,0x0,0x5,0x0,INCR,0x0,0x2,0x0,0x0,0x0,0x0,0x0
1,WRITE,1,0,,constant,0x032,disabled,0x0,0x4040000000,0x407FFFFFFF,auto_incr,0x2200000,0x0,0x5,0x0,INCR,0x0,0x2,0x0,0x0,0x0,0x0,0x0
1,WRITE,1,0,,constant,0x032,disabled,0x0,0x4040000000,0x407FFFFFFF,auto_incr,0x2400000,0x0,0x5,0x0,INCR,0x0,0x2,0x0,0x0,0x0,0x0,0x0
1,WRITE,1,0,,constant,0x032,disabled,0x0,0x4040000000,0x407FFFFFFF,auto_incr,0x2600000,0x0,0x5,0x0,INCR,0x0,0x2,0x0,0x0,0x0,0x0,0x0
1,WRITE,1,0,,constant,0x032,disabled,0x0,0x4040000000,0x407FFFFFFF,auto_incr,0x2800000,0x0,0x5,0x0,INCR,0x0,0x2,0x0,0x0,0x0,0x0,0x0
1,WRITE,1,0,,constant,0x032,disabled,0x0,0x4040000000,0x407FFFFFFF,auto_incr,0x2a00000,0x0,0x5,0x0,INCR,0x0,0x2,0x0,0x0,0x0,0x0,0x0
1,WRITE,1,0,,constant,0x032,disabled,0x0,0x4040000000,0x407FFFFFFF,auto_incr,0x2c00000,0x0,0x5,0x0,INCR,0x0,0x2,0x0,0x0,0x0,0x0,0x0
1,WRITE,1,0,,constant,0x032,disabled,0x0,0x4040000000,0x407FFFFFFF,auto_incr,0x2e00000,0x0,0x5,0x0,INCR,0x0,0x2,0x0,0x0,0x0,0x0,0x0
1,WRITE,1,0,,constant,0x032,disabled,0x0,0x4040000000,0x407FFFFFFF,auto_incr,0x3000000,0x0,0x5,0x0,INCR,0x0,0x2,0x0,0x0,0x0,0x0,0x0
1,WRITE,1,0,,constant,0x032,disabled,0x0,0x4040000000,0x407FFFFFFF,auto_incr,0x3200000,0x0,0x5,0x0,INCR,0x0,0x2,0x0,0x0,0x0,0x0,0x0
1,WRITE,1,0,,constant,0x032,disabled,0x0,0x4040000000,0x407FFFFFFF,auto_incr,0x3400000,0x0,0x5,0x0,INCR,0x0,0x2,0x0,0x0,0x0,0x0,0x0
1,WRITE,1,0,,constant,0x032,disabled,0x0,0x4040000000,0x407FFFFFFF,auto_incr,0x3600000,0x0,0x5,0x0,INCR,0x0,0x2,0x0,0x0,0x0,0x0,0x0
1,WRITE,1,0,,constant,0x032,disabled,0x0,0x4040000000,0x407FFFFFFF,auto_incr,0x3800000,0x0,0x5,0x0,INCR,0x0,0x2,0x0,0x0,0x0,0x0,0x0
1,WRITE,1,0,,constant,0x032,disabled,0x0,0x4040000000,0x407FFFFFFF,auto_incr,0x3a00000,0x0,0x5,0x0,INCR,0x0,0x2,0x0,0x0,0x0,0x0,0x0
1,WRITE,1,0,,constant,0x032,disabled,0x0,0x4040000000,0x407FFFFFFF,auto_incr,0x3c00000,0x0,0x5,0x0,INCR,0x0,0x2,0x0,0x0,0x0,0x0,0x0
1,WRITE,1,0,,constant,0x032,disabled,0x0,0x4040000000,0x407FFFFFFF,auto_incr,0x3e00000,0x0,0x5,0x0,INCR,0x0,0x2,0x0,0x0,0x0,0x0,0x0
1,WRITE,1,0,,constant,0x032,disabled,0x0,0x4040000000,0x407FFFFFFF,auto_incr,0x4000000,0x0,0x5,0x0,INCR,0x0,0x2,0x0,0x0,0x0,0x0,0x0
1,WRITE,1,0,,constant,0x032,disabled,0x0,0x4040000000,0x407FFFFFFF,auto_incr,0x4200000,0x0,0x5,0x0,INCR,0x0,0x2,0x0,0x0,0x0,0x0,0x0
1,WRITE,1,0,,constant,0x032,disabled,0x0,0x4040000000,0x407FFFFFFF,auto_incr,0x4400000,0x0,0x5,0x0,INCR,0x0,0x2,0x0,0x0,0x0,0x0,0x0
1,WRITE,1,0,,constant,0x032,disabled,0x0,0x4040000000,0x407FFFFFFF,auto_incr,0x4600000,0x0,0x5,0x0,INCR,0x0,0x2,0x0,0x0,0x0,0x0,0x0
1,WRITE,1,0,,constant,0x032,disabled,0x0,0x4040000000,0x407FFFFFFF,auto_incr,0x4800000,0x0,0x5,0x0,INCR,0x0,0x2,0x0,0x0,0x0,0x0,0x0
1,WRITE,1,0,,constant,0x032,disabled,0x0,0x4040000000,0x407FFFFFFF,auto_incr,0x4a00000,0x0,0x5,0x0,INCR,0x0,0x2,0x0,0x0,0x0,0x0,0x0
1,WRITE,1,0,,constant,0x032,disabled,0x0,0x4040000000,0x407FFFFFFF,auto_incr,0x4c00000,0x0,0x5,0x0,INCR,0x0,0x2,0x0,0x0,0x0,0x0,0x0
1,WRITE,1,0,,constant,0x032,disabled,0x0,0x4040000000,0x407FFFFFFF,auto_incr,0x4e00000,0x0,0x5,0x0,INCR,0x0,0x2,0x0,0x0,0x0,0x0,0x0
1,WRITE,1,0,,constant,0x032,disabled,0x0,0x4040000000,0x407FFFFFFF,auto_incr,0x5000000,0x0,0x5,0x0,INCR,0x0,0x2,0x0,0x0,0x0,0x0,0x0
1,WRITE,1,0,,constant,0x032,disabled,0x0,0x4040000000,0x407FFFFFFF,auto_incr,0x5200000,0x0,0x5,0x0,INCR,0x0,0x2,0x0,0x0,0x0,0x0,0x0
1,WRITE,1,0,,constant,0x032,disabled,0x0,0x4040000000,0x407FFFFFFF,auto_incr,0x5400000,0x0,0x5,0x0,INCR,0x0,0x2,0x0,0x0,0x0,0x0,0x0
1,WRITE,1,0,,constant,0x032,disabled,0x0,0x4040000000,0x407FFFFFFF,auto_incr,0x5600000,0x0,0x5,0x0,INCR,0x0,0x2,0x0,0x0,0x0,0x0,0x0
1,WRITE,1,0,,constant,0x032,disabled,0x0,0x4040000000,0x407FFFFFFF,auto_incr,0x5800000,0x0,0x5,0x0,INCR,0x0,0x2,0x0,0x0,0x0,0x0,0x0
1,WRITE,1,0,,constant,0x032,disabled,0x0,0x4040000000,0x407FFFFFFF,auto_incr,0x5a00000,0x0,0x5,0x0,INCR,0x0,0x2,0x0,0x0,0x0,0x0,0x0
1,WRITE,1,0,,constant,0x032,disabled,0x0,0x4040000000,0x407FFFFFFF,auto_incr,0x5c00000,0x0,0x5,0x0,INCR,0x0,0x2,0x0,0x0,0x0,0x0,0x0
1,WRITE,1,0,,constant,0x032,disabled,0x0,0x4040000000,0x407FFFFFFF,auto_incr,0x5e00000,0x0,0x5,0x0,INCR,0x0,0x2,0x0,0x0,0x0,0x0,0x0
1,WRITE,1,0,,constant,0x032,disabled,0x0,0x4040000000,0x407FFFFFFF,auto_incr,0x6000000,0x0,0x5,0x0,INCR,0x0,0x2,0x0,0x0,0x0,0x0,0x0
1,WRITE,1,0,,constant,0x032,disabled,0x0,0x4040000000,0x407FFFFFFF,auto_incr,0x6200000,0x0,0x5,0x0,INCR,0x0,0x2,0x0,0x0,0x0,0x0,0x0
1,WRITE,1,0,,constant,0x032,disabled,0x0,0x4040000000,0x407FFFFFFF,auto_incr,0x6400000,0x0,0x5,0x0,INCR,0x0,0x2,0x0,0x0,0x0,0x0,0x0
1,WRITE,1,0,,constant,0x032,disabled,0x0,0x4040000000,0x407FFFFFFF,auto_incr,0x6600000,0x0,0x5,0x0,INCR,0x0,0x2,0x0,0x0,0x0,0x0,0x0
1,WRITE,1,0,,constant,0x032,disabled,0x0,0x4040000000,0x407FFFFFFF,auto_incr,0x6800000,0x0,0x5,0x0,INCR,0x0,0x2,0x0,0x0,0x0,0x0,0x0
1,WRITE,1,0,,constant,0x032,disabled,0x0,0x4040000000,0x407FFFFFFF,auto_incr,0x6a00000,0x0,0x5,0x0,INCR,0x0,0x2,0x0,0x0,0x0,0x0,0x0
1,WRITE,1,0,,constant,0x032,disabled,0x0,0x4040000000,0x407FFFFFFF,auto_incr,0x6c00000,0x0,0x5,0x0,INCR,0x0,0x2,0x0,0x0,0x0,0x0,0x0
1,WRITE,1,0,,constant,0x032,disabled,0x0,0x4040000000,0x407FFFFFFF,auto_incr,0x6e00000,0x0,0x5,0x0,INCR,0x0,0x2,0x0,0x0,0x0,0x0,0x0
1,WRITE,1,0,,constant,0x032,disabled,0x0,0x4040000000,0x407FFFFFFF,auto_incr,0x7000000,0x0,0x5,0x0,INCR,0x0,0x2,0x0,0x0,0x0,0x0,0x0
1,WRITE,1,0,,constant,0x032,disabled,0x0,0x4040000000,0x407FFFFFFF,auto_incr,0x7200000,0x0,0x5,0x0,INCR,0x0,0x2,0x0,0x0,0x0,0x0,0x0
1,WRITE,1,0,,constant,0x032,disabled,0x0,0x4040000000,0x407FFFFFFF,auto_incr,0x7400000,0x0,0x5,0x0,INCR,0x0,0x2,0x0,0x0,0x0,0x0,0x0
1,WRITE,1,0,,constant,0x032,disabled,0x0,0x4040000000,0x407FFFFFFF,auto_incr,0x7600000,0x0,0x5,0x0,INCR,0x0,0x2,0x0,0x0,0x0,0x0,0x0
1,WRITE,1,0,,constant,0x032,disabled,0x0,0x4040000000,0x407FFFFFFF,auto_incr,0x7800000,0x0,0x5,0x0,INCR,0x0,0x2,0x0,0x0,0x0,0x0,0x0
1,WRITE,1,0,,constant,0x032,disabled,0x0,0x4040000000,0x407FFFFFFF,auto_incr,0x7a00000,0x0,0x5,0x0,INCR,0x0,0x2,0x0,0x0,0x0,0x0,0x0
1,WRITE,1,0,,constant,0x032,disabled,0x0,0x4040000000,0x407FFFFFFF,auto_incr,0x7c00000,0x0,0x5,0x0,INCR,0x0,0x2,0x0,0x0,0x0,0x0,0x0
1,WRITE,1,0,,constant,0x032,disabled,0x0,0x4040000000,0x407FFFFFFF,auto_incr,0x7e00000,0x0,0x5,0x0,INCR,0x0,0x2,0x0,0x0,0x0,0x0,0x0
1,WRITE,1,0,,constant,0x032,disabled,0x0,0x4040000000,0x407FFFFFFF,auto_incr,0x8000000,0x0,0x5,0x0,INCR,0x0,0x2,0x0,0x0,0x0,0x0,0x0
1,WRITE,1,0,,constant,0x032,disabled,0x0,0x4040000000,0x407FFFFFFF,auto_incr,0x8200000,0x0,0x5,0x0,INCR,0x0,0x2,0x0,0x0,0x0,0x0,0x0
1,WRITE,1,0,,constant,0x032,disabled,0x0,0x4040000000,0x407FFFFFFF,auto_incr,0x8400000,0x0,0x5,0x0,INCR,0x0,0x2,0x0,0x0,0x0,0x0,0x0
1,WRITE,1,0,,constant,0x032,disabled,0x0,0x4040000000,0x407FFFFFFF,auto_incr,0x8600000,0x0,0x5,0x0,INCR,0x0,0x2,0x0,0x0,0x0,0x0,0x0
1,WRITE,1,0,,constant,0x032,disabled,0x0,0x4040000000,0x407FFFFFFF,auto_incr,0x8800000,0x0,0x5,0x0,INCR,0x0,0x2,0x0,0x0,0x0,0x0,0x0
1,WRITE,1,0,,constant,0x032,disabled,0x0,0x4040000000,0x407FFFFFFF,auto_incr,0x8a00000,0x0,0x5,0x0,INCR,0x0,0x2,0x0,0x0,0x0,0x0,0x0
1,WRITE,1,0,,constant,0x032,disabled,0x0,0x4040000000,0x407FFFFFFF,auto_incr,0x8c00000,0x0,0x5,0x0,INCR,0x0,0x2,0x0,0x0,0x0,0x0,0x0
1,WRITE,1,0,,constant,0x032,disabled,0x0,0x4040000000,0x407FFFFFFF,auto_incr,0x8e00000,0x0,0x5,0x0,INCR,0x0,0x2,0x0,0x0,0x0,0x0,0x0
1,WRITE,1,0,,constant,0x032,disabled,0x0,0x4040000000,0x407FFFFFFF,auto_incr,0x9000000,0x0,0x5,0x0,INCR,0x0,0x2,0x0,0x0,0x0,0x0,0x0
1,WRITE,1,0,,constant,0x032,disabled,0x0,0x4040000000,0x407FFFFFFF,auto_incr,0x9200000,0x0,0x5,0x0,INCR,0x0,0x2,0x0,0x0,0x0,0x0,0x0
1,WRITE,1,0,,constant,0x032,disabled,0x0,0x4040000000,0x407FFFFFFF,auto_incr,0x9400000,0x0,0x5,0x0,INCR,0x0,0x2,0x0,0x0,0x0,0x0,0x0
1,WRITE,1,0,,constant,0x032,disabled,0x0,0x4040000000,0x407FFFFFFF,auto_incr,0x9600000,0x0,0x5,0x0,INCR,0x0,0x2,0x0,0x0,0x0,0x0,0x0
1,WRITE,1,0,,constant,0x032,disabled,0x0,0x4040000000,0x407FFFFFFF,auto_incr,0x9800000,0x0,0x5,0x0,INCR,0x0,0x2,0x0,0x0,0x0,0x0,0x0
1,WRITE,1,0,,constant,0x032,disabled,0x0,0x4040000000,0x407FFFFFFF,auto_incr,0x9a00000,0x0,0x5,0x0,INCR,0x0,0x2,0x0,0x0,0x0,0x0,0x0
1,WRITE,1,0,,constant,0x032,disabled,0x0,0x4040000000,0x407FFFFFFF,auto_incr,0x9c00000,0x0,0x5,0x0,INCR,0x0,0x2,0x0,0x0,0x0,0x0,0x0
1,WRITE,1,0,,constant,0x032,disabled,0x0,0x4040000000,0x407FFFFFFF,auto_incr,0x9e00000,0x0,0x5,0x0,INCR,0x0,0x2,0x0,0x0,0x0,0x0,0x0
1,WRITE,1,0,,constant,0x032,disabled,0x0,0x4040000000,0x407FFFFFFF,auto_incr,0xa000000,0x0,0x5,0x0,INCR,0x0,0x2,0x0,0x0,0x0,0x0,0x0
1,WRITE,1,0,,constant,0x032,disabled,0x0,0x4040000000,0x407FFFFFFF,auto_incr,0xa200000,0x0,0x5,0x0,INCR,0x0,0x2,0x0,0x0,0x0,0x0,0x0
1,WRITE,1,0,,constant,0x032,disabled,0x0,0x4040000000,0x407FFFFFFF,auto_incr,0xa400000,0x0,0x5,0x0,INCR,0x0,0x2,0x0,0x0,0x0,0x0,0x0
1,WRITE,1,0,,constant,0x032,disabled,0x0,0x4040000000,0x407FFFFFFF,auto_incr,0xa600000,0x0,0x5,0x0,INCR,0x0,0x2,0x0,0x0,0x0,0x0,0x0
1,WRITE,1,0,,constant,0x032,disabled,0x0,0x4040000000,0x407FFFFFFF,auto_incr,0xa800000,0x0,0x5,0x0,INCR,0x0,0x2,0x0,0x0,0x0,0x0,0x0
1,WRITE,1,0,,constant,0x032,disabled,0x0,0x4040000000,0x407FFFFFFF,auto_incr,0xaa00000,0x0,0x5,0x0,INCR,0x0,0x2,0x0,0x0,0x0,0x0,0x0
1,WRITE,1,0,,constant,0x032,disabled,0x0,0x4040000000,0x407FFFFFFF,auto_incr,0xac00000,0x0,0x5,0x0,INCR,0x0,0x2,0x0,0x0,0x0,0x0,0x0
1,WRITE,1,0,,constant,0x032,disabled,0x0,0x4040000000,0x407FFFFFFF,auto_incr,0xae00000,0x0,0x5,0x0,INCR,0x0,0x2,0x0,0x0,0x0,0x0,0x0
1,WRITE,1,0,,constant,0x032,disabled,0x0,0x4040000000,0x407FFFFFFF,auto_incr,0xb000000,0x0,0x5,0x0,INCR,0x0,0x2,0x0,0x0,0x0,0x0,0x0
1,WRITE,1,0,,constant,0x032,disabled,0x0,0x4040000000,0x407FFFFFFF,auto_incr,0xb200000,0x0,0x5,0x0,INCR,0x0,0x2,0x0,0x0,0x0,0x0,0x0
1,WRITE,1,0,,constant,0x032,disabled,0x0,0x4040000000,0x407FFFFFFF,auto_incr,0xb400000,0x0,0x5,0x0,INCR,0x0,0x2,0x0,0x0,0x0,0x0,0x0
1,WRITE,1,0,,constant,0x032,disabled,0x0,0x4040000000,0x407FFFFFFF,auto_incr,0xb600000,0x0,0x5,0x0,INCR,0x0,0x2,0x0,0x0,0x0,0x0,0x0
1,WRITE,1,0,,constant,0x032,disabled,0x0,0x4040000000,0x407FFFFFFF,auto_incr,0xb800000,0x0,0x5,0x0,INCR,0x0,0x2,0x0,0x0,0x0,0x0,0x0
1,WRITE,1,0,,constant,0x032,disabled,0x0,0x4040000000,0x407FFFFFFF,auto_incr,0xba00000,0x0,0x5,0x0,INCR,0x0,0x2,0x0,0x0,0x0,0x0,0x0
1,WRITE,1,0,,constant,0x032,disabled,0x0,0x4040000000,0x407FFFFFFF,auto_incr,0xbc00000,0x0,0x5,0x0,INCR,0x0,0x2,0x0,0x0,0x0,0x0,0x0
1,WRITE,1,0,,constant,0x032,disabled,0x0,0x4040000000,0x407FFFFFFF,auto_incr,0xbe00000,0x0,0x5,0x0,INCR,0x0,0x2,0x0,0x0,0x0,0x0,0x0
1,WRITE,1,0,,constant,0x032,disabled,0x0,0x4040000000,0x407FFFFFFF,auto_incr,0xc000000,0x0,0x5,0x0,INCR,0x0,0x2,0x0,0x0,0x0,0x0,0x0
1,WRITE,1,0,,constant,0x032,disabled,0x0,0x4040000000,0x407FFFFFFF,auto_incr,0xc200000,0x0,0x5,0x0,INCR,0x0,0x2,0x0,0x0,0x0,0x0,0x0
1,WRITE,1,0,,constant,0x032,disabled,0x0,0x4040000000,0x407FFFFFFF,auto_incr,0xc400000,0x0,0x5,0x0,INCR,0x0,0x2,0x0,0x0,0x0,0x0,0x0
1,WRITE,1,0,,constant,0x032,disabled,0x0,0x4040000000,0x407FFFFFFF,auto_incr,0xc600000,0x0,0x5,0x0,INCR,0x0,0x2,0x0,0x0,0x0,0x0,0x0
1,WAIT,all_wr_resp,,,,,,,,,,,,,,,,,,,,,
1,READ,1,0,,constant,0x032,disabled,0x0,0x4040000000,0x407FFFFFFF,auto_incr,0x0000000,0x0,0x5,0x0,INCR,0x0,0x2,0x0,0x0,0x0,0x0,0x0
1,READ,1,0,,constant,0x032,disabled,0x0,0x4040000000,0x407FFFFFFF,auto_incr,0x0200000,0x0,0x5,0x0,INCR,0x0,0x2,0x0,0x0,0x0,0x0,0x0
1,READ,1,0,,constant,0x032,disabled,0x0,0x4040000000,0x407FFFFFFF,auto_incr,0x0400000,0x0,0x5,0x0,INCR,0x0,0x2,0x0,0x0,0x0,0x0,0x0
1,READ,1,0,,constant,0x032,disabled,0x0,0x4040000000,0x407FFFFFFF,auto_incr,0x0600000,0x0,0x5,0x0,INCR,0x0,0x2,0x0,0x0,0x0,0x0,0x0
1,READ,1,0,,constant,0x032,disabled,0x0,0x4040000000,0x407FFFFFFF,auto_incr,0x0800000,0x0,0x5,0x0,INCR,0x0,0x2,0x0,0x0,0x0,0x0,0x0
1,READ,1,0,,constant,0x032,disabled,0x0,0x4040000000,0x407FFFFFFF,auto_incr,0x0a00000,0x0,0x5,0x0,INCR,0x0,0x2,0x0,0x0,0x0,0x0,0x0
1,READ,1,0,,constant,0x032,disabled,0x0,0x4040000000,0x407FFFFFFF,auto_incr,0x0c00000,0x0,0x5,0x0,INCR,0x0,0x2,0x0,0x0,0x0,0x0,0x0
1,READ,1,0,,constant,0x032,disabled,0x0,0x4040000000,0x407FFFFFFF,auto_incr,0x0e00000,0x0,0x5,0x0,INCR,0x0,0x2,0x0,0x0,0x0,0x0,0x0
1,READ,1,0,,constant,0x032,disabled,0x0,0x4040000000,0x407FFFFFFF,auto_incr,0x1000000,0x0,0x5,0x0,INCR,0x0,0x2,0x0,0x0,0x0,0x0,0x0
1,READ,1,0,,constant,0x032,disabled,0x0,0x4040000000,0x407FFFFFFF,auto_incr,0x1200000,0x0,0x5,0x0,INCR,0x0,0x2,0x0,0x0,0x0,0x0,0x0
1,READ,1,0,,constant,0x032,disabled,0x0,0x4040000000,0x407FFFFFFF,auto_incr,0x1400000,0x0,0x5,0x0,INCR,0x0,0x2,0x0,0x0,0x0,0x0,0x0
1,READ,1,0,,constant,0x032,disabled,0x0,0x4040000000,0x407FFFFFFF,auto_incr,0x1600000,0x0,0x5,0x0,INCR,0x0,0x2,0x0,0x0,0x0,0x0,0x0
1,READ,1,0,,constant,0x032,disabled,0x0,0x4040000000,0x407FFFFFFF,auto_incr,0x1800000,0x0,0x5,0x0,INCR,0x0,0x2,0x0,0x0,0x0,0x0,0x0
1,READ,1,0,,constant,0x032,disabled,0x0,0x4040000000,0x407FFFFFFF,auto_incr,0x1a00000,0x0,0x5,0x0,INCR,0x0,0x2,0x0,0x0,0x0,0x0,0x0
1,READ,1,0,,constant,0x032,disabled,0x0,0x4040000000,0x407FFFFFFF,auto_incr,0x1c00000,0x0,0x5,0x0,INCR,0x0,0x2,0x0,0x0,0x0,0x0,0x0
1,READ,1,0,,constant,0x032,disabled,0x0,0x4040000000,0x407FFFFFFF,auto_incr,0x1e00000,0x0,0x5,0x0,INCR,0x0,0x2,0x0,0x0,0x0,0x0,0x0
1,READ,1,0,,constant,0x032,disabled,0x0,0x4040000000,0x407FFFFFFF,auto_incr,0x2000000,0x0,0x5,0x0,INCR,0x0,0x2,0x0,0x0,0x0,0x0,0x0
1,READ,1,0,,constant,0x032,disabled,0x0,0x4040000000,0x407FFFFFFF,auto_incr,0x2200000,0x0,0x5,0x0,INCR,0x0,0x2,0x0,0x0,0x0,0x0,0x0
1,READ,1,0,,constant,0x032,disabled,0x0,0x4040000000,0x407FFFFFFF,auto_incr,0x2400000,0x0,0x5,0x0,INCR,0x0,0x2,0x0,0x0,0x0,0x0,0x0
1,READ,1,0,,constant,0x032,disabled,0x0,0x4040000000,0x407FFFFFFF,auto_incr,0x2600000,0x0,0x5,0x0,INCR,0x0,0x2,0x0,0x0,0x0,0x0,0x0
1,READ,1,0,,constant,0x032,disabled,0x0,0x4040000000,0x407FFFFFFF,auto_incr,0x2800000,0x0,0x5,0x0,INCR,0x0,0x2,0x0,0x0,0x0,0x0,0x0
1,READ,1,0,,constant,0x032,disabled,0x0,0x4040000000,0x407FFFFFFF,auto_incr,0x2a00000,0x0,0x5,0x0,INCR,0x0,0x2,0x0,0x0,0x0,0x0,0x0
1,READ,1,0,,constant,0x032,disabled,0x0,0x4040000000,0x407FFFFFFF,auto_incr,0x2c00000,0x0,0x5,0x0,INCR,0x0,0x2,0x0,0x0,0x0,0x0,0x0
1,READ,1,0,,constant,0x032,disabled,0x0,0x4040000000,0x407FFFFFFF,auto_incr,0x2e00000,0x0,0x5,0x0,INCR,0x0,0x2,0x0,0x0,0x0,0x0,0x0
1,READ,1,0,,constant,0x032,disabled,0x0,0x4040000000,0x407FFFFFFF,auto_incr,0x3000000,0x0,0x5,0x0,INCR,0x0,0x2,0x0,0x0,0x0,0x0,0x0
1,READ,1,0,,constant,0x032,disabled,0x0,0x4040000000,0x407FFFFFFF,auto_incr,0x3200000,0x0,0x5,0x0,INCR,0x0,0x2,0x0,0x0,0x0,0x0,0x0
1,READ,1,0,,constant,0x032,disabled,0x0,0x4040000000,0x407FFFFFFF,auto_incr,0x3400000,0x0,0x5,0x0,INCR,0x0,0x2,0x0,0x0,0x0,0x0,0x0
1,READ,1,0,,constant,0x032,disabled,0x0,0x4040000000,0x407FFFFFFF,auto_incr,0x3600000,0x0,0x5,0x0,INCR,0x0,0x2,0x0,0x0,0x0,0x0,0x0
1,READ,1,0,,constant,0x032,disabled,0x0,0x4040000000,0x407FFFFFFF,auto_incr,0x3800000,0x0,0x5,0x0,INCR,0x0,0x2,0x0,0x0,0x0,0x0,0x0
1,READ,1,0,,constant,0x032,disabled,0x0,0x4040000000,0x407FFFFFFF,auto_incr,0x3a00000,0x0,0x5,0x0,INCR,0x0,0x2,0x0,0x0,0x0,0x0,0x0
1,READ,1,0,,constant,0x032,disabled,0x0,0x4040000000,0x407FFFFFFF,auto_incr,0x3c00000,0x0,0x5,0x0,INCR,0x0,0x2,0x0,0x0,0x0,0x0,0x0
1,READ,1,0,,constant,0x032,disabled,0x0,0x4040000000,0x407FFFFFFF,auto_incr,0x3e00000,0x0,0x5,0x0,INCR,0x0,0x2,0x0,0x0,0x0,0x0,0x0
1,READ,1,0,,constant,0x032,disabled,0x0,0x4040000000,0x407FFFFFFF,auto_incr,0x4000000,0x0,0x5,0x0,INCR,0x0,0x2,0x0,0x0,0x0,0x0,0x0
1,READ,1,0,,constant,0x032,disabled,0x0,0x4040000000,0x407FFFFFFF,auto_incr,0x4200000,0x0,0x5,0x0,INCR,0x0,0x2,0x0,0x0,0x0,0x0,0x0
1,READ,1,0,,constant,0x032,disabled,0x0,0x4040000000,0x407FFFFFFF,auto_incr,0x4400000,0x0,0x5,0x0,INCR,0x0,0x2,0x0,0x0,0x0,0x0,0x0
1,READ,1,0,,constant,0x032,disabled,0x0,0x4040000000,0x407FFFFFFF,auto_incr,0x4600000,0x0,0x5,0x0,INCR,0x0,0x2,0x0,0x0,0x0,0x0,0x0
1,READ,1,0,,constant,0x032,disabled,0x0,0x4040000000,0x407FFFFFFF,auto_incr,0x4800000,0x0,0x5,0x0,INCR,0x0,0x2,0x0,0x0,0x0,0x0,0x0
1,READ,1,0,,constant,0x032,disabled,0x0,0x4040000000,0x407FFFFFFF,auto_incr,0x4a00000,0x0,0x5,0x0,INCR,0x0,0x2,0x0,0x0,0x0,0x0,0x0
1,READ,1,0,,constant,0x032,disabled,0x0,0x4040000000,0x407FFFFFFF,auto_incr,0x4c00000,0x0,0x5,0x0,INCR,0x0,0x2,0x0,0x0,0x0,0x0,0x0
1,READ,1,0,,constant,0x032,disabled,0x0,0x4040000000,0x407FFFFFFF,auto_incr,0x4e00000,0x0,0x5,0x0,INCR,0x0,0x2,0x0,0x0,0x0,0x0,0x0
1,READ,1,0,,constant,0x032,disabled,0x0,0x4040000000,0x407FFFFFFF,auto_incr,0x5000000,0x0,0x5,0x0,INCR,0x0,0x2,0x0,0x0,0x0,0x0,0x0
1,READ,1,0,,constant,0x032,disabled,0x0,0x4040000000,0x407FFFFFFF,auto_incr,0x5200000,0x0,0x5,0x0,INCR,0x0,0x2,0x0,0x0,0x0,0x0,0x0
1,READ,1,0,,constant,0x032,disabled,0x0,0x4040000000,0x407FFFFFFF,auto_incr,0x5400000,0x0,0x5,0x0,INCR,0x0,0x2,0x0,0x0,0x0,0x0,0x0
1,READ,1,0,,constant,0x032,disabled,0x0,0x4040000000,0x407FFFFFFF,auto_incr,0x5600000,0x0,0x5,0x0,INCR,0x0,0x2,0x0,0x0,0x0,0x0,0x0
1,READ,1,0,,constant,0x032,disabled,0x0,0x4040000000,0x407FFFFFFF,auto_incr,0x5800000,0x0,0x5,0x0,INCR,0x0,0x2,0x0,0x0,0x0,0x0,0x0
1,READ,1,0,,constant,0x032,disabled,0x0,0x4040000000,0x407FFFFFFF,auto_incr,0x5a00000,0x0,0x5,0x0,INCR,0x0,0x2,0x0,0x0,0x0,0x0,0x0
1,READ,1,0,,constant,0x032,disabled,0x0,0x4040000000,0x407FFFFFFF,auto_incr,0x5c00000,0x0,0x5,0x0,INCR,0x0,0x2,0x0,0x0,0x0,0x0,0x0
1,READ,1,0,,constant,0x032,disabled,0x0,0x4040000000,0x407FFFFFFF,auto_incr,0x5e00000,0x0,0x5,0x0,INCR,0x0,0x2,0x0,0x0,0x0,0x0,0x0
1,READ,1,0,,constant,0x032,disabled,0x0,0x4040000000,0x407FFFFFFF,auto_incr,0x6000000,0x0,0x5,0x0,INCR,0x0,0x2,0x0,0x0,0x0,0x0,0x0
1,READ,1,0,,constant,0x032,disabled,0x0,0x4040000000,0x407FFFFFFF,auto_incr,0x6200000,0x0,0x5,0x0,INCR,0x0,0x2,0x0,0x0,0x0,0x0,0x0
1,READ,1,0,,constant,0x032,disabled,0x0,0x4040000000,0x407FFFFFFF,auto_incr,0x6400000,0x0,0x5,0x0,INCR,0x0,0x2,0x0,0x0,0x0,0x0,0x0
1,READ,1,0,,constant,0x032,disabled,0x0,0x4040000000,0x407FFFFFFF,auto_incr,0x6600000,0x0,0x5,0x0,INCR,0x0,0x2,0x0,0x0,0x0,0x0,0x0
1,READ,1,0,,constant,0x032,disabled,0x0,0x4040000000,0x407FFFFFFF,auto_incr,0x6800000,0x0,0x5,0x0,INCR,0x0,0x2,0x0,0x0,0x0,0x0,0x0
1,READ,1,0,,constant,0x032,disabled,0x0,0x4040000000,0x407FFFFFFF,auto_incr,0x6a00000,0x0,0x5,0x0,INCR,0x0,0x2,0x0,0x0,0x0,0x0,0x0
1,READ,1,0,,constant,0x032,disabled,0x0,0x4040000000,0x407FFFFFFF,auto_incr,0x6c00000,0x0,0x5,0x0,INCR,0x0,0x2,0x0,0x0,0x0,0x0,0x0
1,READ,1,0,,constant,0x032,disabled,0x0,0x4040000000,0x407FFFFFFF,auto_incr,0x6e00000,0x0,0x5,0x0,INCR,0x0,0x2,0x0,0x0,0x0,0x0,0x0
1,READ,1,0,,constant,0x032,disabled,0x0,0x4040000000,0x407FFFFFFF,auto_incr,0x7000000,0x0,0x5,0x0,INCR,0x0,0x2,0x0,0x0,0x0,0x0,0x0
1,READ,1,0,,constant,0x032,disabled,0x0,0x4040000000,0x407FFFFFFF,auto_incr,0x7200000,0x0,0x5,0x0,INCR,0x0,0x2,0x0,0x0,0x0,0x0,0x0
1,READ,1,0,,constant,0x032,disabled,0x0,0x4040000000,0x407FFFFFFF,auto_incr,0x7400000,0x0,0x5,0x0,INCR,0x0,0x2,0x0,0x0,0x0,0x0,0x0
1,READ,1,0,,constant,0x032,disabled,0x0,0x4040000000,0x407FFFFFFF,auto_incr,0x7600000,0x0,0x5,0x0,INCR,0x0,0x2,0x0,0x0,0x0,0x0,0x0
1,READ,1,0,,constant,0x032,disabled,0x0,0x4040000000,0x407FFFFFFF,auto_incr,0x7800000,0x0,0x5,0x0,INCR,0x0,0x2,0x0,0x0,0x0,0x0,0x0
1,READ,1,0,,constant,0x032,disabled,0x0,0x4040000000,0x407FFFFFFF,auto_incr,0x7a00000,0x0,0x5,0x0,INCR,0x0,0x2,0x0,0x0,0x0,0x0,0x0
1,READ,1,0,,constant,0x032,disabled,0x0,0x4040000000,0x407FFFFFFF,auto_incr,0x7c00000,0x0,0x5,0x0,INCR,0x0,0x2,0x0,0x0,0x0,0x0,0x0
1,READ,1,0,,constant,0x032,disabled,0x0,0x4040000000,0x407FFFFFFF,auto_incr,0x7e00000,0x0,0x5,0x0,INCR,0x0,0x2,0x0,0x0,0x0,0x0,0x0
1,READ,1,0,,constant,0x032,disabled,0x0,0x4040000000,0x407FFFFFFF,auto_incr,0x8000000,0x0,0x5,0x0,INCR,0x0,0x2,0x0,0x0,0x0,0x0,0x0
1,READ,1,0,,constant,0x032,disabled,0x0,0x4040000000,0x407FFFFFFF,auto_incr,0x8200000,0x0,0x5,0x0,INCR,0x0,0x2,0x0,0x0,0x0,0x0,0x0
1,READ,1,0,,constant,0x032,disabled,0x0,0x4040000000,0x407FFFFFFF,auto_incr,0x8400000,0x0,0x5,0x0,INCR,0x0,0x2,0x0,0x0,0x0,0x0,0x0
1,READ,1,0,,constant,0x032,disabled,0x0,0x4040000000,0x407FFFFFFF,auto_incr,0x8600000,0x0,0x5,0x0,INCR,0x0,0x2,0x0,0x0,0x0,0x0,0x0
1,READ,1,0,,constant,0x032,disabled,0x0,0x4040000000,0x407FFFFFFF,auto_incr,0x8800000,0x0,0x5,0x0,INCR,0x0,0x2,0x0,0x0,0x0,0x0,0x0
1,READ,1,0,,constant,0x032,disabled,0x0,0x4040000000,0x407FFFFFFF,auto_incr,0x8a00000,0x0,0x5,0x0,INCR,0x0,0x2,0x0,0x0,0x0,0x0,0x0
1,READ,1,0,,constant,0x032,disabled,0x0,0x4040000000,0x407FFFFFFF,auto_incr,0x8c00000,0x0,0x5,0x0,INCR,0x0,0x2,0x0,0x0,0x0,0x0,0x0
1,READ,1,0,,constant,0x032,disabled,0x0,0x4040000000,0x407FFFFFFF,auto_incr,0x8e00000,0x0,0x5,0x0,INCR,0x0,0x2,0x0,0x0,0x0,0x0,0x0
1,READ,1,0,,constant,0x032,disabled,0x0,0x4040000000,0x407FFFFFFF,auto_incr,0x9000000,0x0,0x5,0x0,INCR,0x0,0x2,0x0,0x0,0x0,0x0,0x0
1,READ,1,0,,constant,0x032,disabled,0x0,0x4040000000,0x407FFFFFFF,auto_incr,0x9200000,0x0,0x5,0x0,INCR,0x0,0x2,0x0,0x0,0x0,0x0,0x0
1,READ,1,0,,constant,0x032,disabled,0x0,0x4040000000,0x407FFFFFFF,auto_incr,0x9400000,0x0,0x5,0x0,INCR,0x0,0x2,0x0,0x0,0x0,0x0,0x0
1,READ,1,0,,constant,0x032,disabled,0x0,0x4040000000,0x407FFFFFFF,auto_incr,0x9600000,0x0,0x5,0x0,INCR,0x0,0x2,0x0,0x0,0x0,0x0,0x0
1,READ,1,0,,constant,0x032,disabled,0x0,0x4040000000,0x407FFFFFFF,auto_incr,0x9800000,0x0,0x5,0x0,INCR,0x0,0x2,0x0,0x0,0x0,0x0,0x0
1,READ,1,0,,constant,0x032,disabled,0x0,0x4040000000,0x407FFFFFFF,auto_incr,0x9a00000,0x0,0x5,0x0,INCR,0x0,0x2,0x0,0x0,0x0,0x0,0x0
1,READ,1,0,,constant,0x032,disabled,0x0,0x4040000000,0x407FFFFFFF,auto_incr,0x9c00000,0x0,0x5,0x0,INCR,0x0,0x2,0x0,0x0,0x0,0x0,0x0
1,READ,1,0,,constant,0x032,disabled,0x0,0x4040000000,0x407FFFFFFF,auto_incr,0x9e00000,0x0,0x5,0x0,INCR,0x0,0x2,0x0,0x0,0x0,0x0,0x0
1,READ,1,0,,constant,0x032,disabled,0x0,0x4040000000,0x407FFFFFFF,auto_incr,0xa000000,0x0,0x5,0x0,INCR,0x0,0x2,0x0,0x0,0x0,0x0,0x0
1,READ,1,0,,constant,0x032,disabled,0x0,0x4040000000,0x407FFFFFFF,auto_incr,0xa200000,0x0,0x5,0x0,INCR,0x0,0x2,0x0,0x0,0x0,0x0,0x0
1,READ,1,0,,constant,0x032,disabled,0x0,0x4040000000,0x407FFFFFFF,auto_incr,0xa400000,0x0,0x5,0x0,INCR,0x0,0x2,0x0,0x0,0x0,0x0,0x0
1,READ,1,0,,constant,0x032,disabled,0x0,0x4040000000,0x407FFFFFFF,auto_incr,0xa600000,0x0,0x5,0x0,INCR,0x0,0x2,0x0,0x0,0x0,0x0,0x0
1,READ,1,0,,constant,0x032,disabled,0x0,0x4040000000,0x407FFFFFFF,auto_incr,0xa800000,0x0,0x5,0x0,INCR,0x0,0x2,0x0,0x0,0x0,0x0,0x0
1,READ,1,0,,constant,0x032,disabled,0x0,0x4040000000,0x407FFFFFFF,auto_incr,0xaa00000,0x0,0x5,0x0,INCR,0x0,0x2,0x0,0x0,0x0,0x0,0x0
1,READ,1,0,,constant,0x032,disabled,0x0,0x4040000000,0x407FFFFFFF,auto_incr,0xac00000,0x0,0x5,0x0,INCR,0x0,0x2,0x0,0x0,0x0,0x0,0x0
1,READ,1,0,,constant,0x032,disabled,0x0,0x4040000000,0x407FFFFFFF,auto_incr,0xae00000,0x0,0x5,0x0,INCR,0x0,0x2,0x0,0x0,0x0,0x0,0x0
1,READ,1,0,,constant,0x032,disabled,0x0,0x4040000000,0x407FFFFFFF,auto_incr,0xb000000,0x0,0x5,0x0,INCR,0x0,0x2,0x0,0x0,0x0,0x0,0x0
1,READ,1,0,,constant,0x032,disabled,0x0,0x4040000000,0x407FFFFFFF,auto_incr,0xb200000,0x0,0x5,0x0,INCR,0x0,0x2,0x0,0x0,0x0,0x0,0x0
1,READ,1,0,,constant,0x032,disabled,0x0,0x4040000000,0x407FFFFFFF,auto_incr,0xb400000,0x0,0x5,0x0,INCR,0x0,0x2,0x0,0x0,0x0,0x0,0x0
1,READ,1,0,,constant,0x032,disabled,0x0,0x4040000000,0x407FFFFFFF,auto_incr,0xb600000,0x0,0x5,0x0,INCR,0x0,0x2,0x0,0x0,0x0,0x0,0x0
1,READ,1,0,,constant,0x032,disabled,0x0,0x4040000000,0x407FFFFFFF,auto_incr,0xb800000,0x0,0x5,0x0,INCR,0x0,0x2,0x0,0x0,0x0,0x0,0x0
1,READ,1,0,,constant,0x032,disabled,0x0,0x4040000000,0x407FFFFFFF,auto_incr,0xba00000,0x0,0x5,0x0,INCR,0x0,0x2,0x0,0x0,0x0,0x0,0x0
1,READ,1,0,,constant,0x032,disabled,0x0,0x4040000000,0x407FFFFFFF,auto_incr,0xbc00000,0x0,0x5,0x0,INCR,0x0,0x2,0x0,0x0,0x0,0x0,0x0
1,READ,1,0,,constant,0x032,disabled,0x0,0x4040000000,0x407FFFFFFF,auto_incr,0xbe00000,0x0,0x5,0x0,INCR,0x0,0x2,0x0,0x0,0x0,0x0,0x0
1,READ,1,0,,constant,0x032,disabled,0x0,0x4040000000,0x407FFFFFFF,auto_incr,0xc000000,0x0,0x5,0x0,INCR,0x0,0x2,0x0,0x0,0x0,0x0,0x0
1,READ,1,0,,constant,0x032,disabled,0x0,0x4040000000,0x407FFFFFFF,auto_incr,0xc200000,0x0,0x5,0x0,INCR,0x0,0x2,0x0,0x0,0x0,0x0,0x0
1,READ,1,0,,constant,0x032,disabled,0x0,0x4040000000,0x407FFFFFFF,auto_incr,0xc400000,0x0,0x5,0x0,INCR,0x0,0x2,0x0,0x0,0x0,0x0,0x0
1,READ,1,0,,constant,0x032,disabled,0x0,0x4040000000,0x407FFFFFFF,auto_incr,0xc600000,0x0,0x5,0x0,INCR,0x0,0x2,0x0,0x0,0x0,0x0,0x0
1,WAIT,all_rd_resp,,,,,,,,,,,,,,,,,,,,,
1,END_LOOP,,,,,,,,,,,,,,,,,,,,,,
